ID,NAME,ADDRESS
1,Kuhic-Windler,"89048 Brent Mountains, ND, 72196"
2,Marvin-Kautzer,"794 Hackett Summit, VT, 85408"
3,Kilback Group,"520 Swift Courts, DE, 90828"
4,Ullrich-Connelly,"96006 Swift Run, MN, 14013"
5,Crona and Sons,"378 Marshall Crossing, CO, 13990-7113"
6,Roob-Terry,"70304 Edward Pine, TN, 11763-7943"
7,"Grimes, Schiller and Ankunding","490 Funk Knoll, UT, 89592-4592"
8,"Lang, Larkin and Goldner","3578 Ferry Landing, CT, 08522-4329"
9,"Stanton, Little and Kessler","609 Kenny Mountains, CO, 43249"
10,"Morissette, Kassulke and Keeling","8194 Brian Mission, VT, 97909-8073"